sparsity,performance,config_list
0.2928932188134524,"tensor(0.8887, device='cuda:0')","[{""sparsity"": 0.0037095351191451073, ""op_types"": [""Conv2d""], ""op_names"": [""model.layer2.1.conv1""]}, {""sparsity"": 0.01546018457951494, ""op_types"": [""Conv2d""], ""op_names"": [""model.layer2.1.conv3""]}, {""sparsity"": 0.017046959302666996, ""op_types"": [""Conv2d""], ""op_names"": [""model.layer2.2.conv1""]}, {""sparsity"": 0.02088167718401142, ""op_types"": [""Conv2d""], ""op_names"": [""model.layer2.2.conv3""]}, {""sparsity"": 0.05013430676218282, ""op_types"": [""Conv2d""], ""op_names"": [""model.layer2.3.conv1""]}, {""sparsity"": 0.05121783264082973, ""op_types"": [""Conv2d""], ""op_names"": [""model.layer2.3.conv3""]}, {""sparsity"": 0.06351863669903725, ""op_types"": [""Conv2d""], ""op_names"": [""model.layer2.0.downsample.0""]}, {""sparsity"": 0.1028554018851473, ""op_types"": [""Conv2d""], ""op_names"": [""model.layer3.0.conv1""]}, {""sparsity"": 0.11660617233333276, ""op_types"": [""Conv2d""], ""op_names"": [""model.layer2.0.conv2""]}, {""sparsity"": 0.11723093799830597, ""op_types"": [""Conv2d""], ""op_names"": [""model.layer2.1.conv2""]}, {""sparsity"": 0.1225551305472355, ""op_types"": [""Conv2d""], ""op_names"": [""model.layer2.2.conv2""]}, {""sparsity"": 0.12797112057865975, ""op_types"": [""Conv2d""], ""op_names"": [""model.layer2.3.conv2""]}, {""sparsity"": 0.1498366505838774, ""op_types"": [""Conv2d""], ""op_names"": [""model.layer3.0.conv3""]}, {""sparsity"": 0.15829252216586537, ""op_types"": [""Conv2d""], ""op_names"": [""model.layer3.1.conv1""]}, {""sparsity"": 0.1685376805497721, ""op_types"": [""Conv2d""], ""op_names"": [""model.layer3.1.conv3""]}, {""sparsity"": 0.16892541925003535, ""op_types"": [""Conv2d""], ""op_names"": [""model.layer3.2.conv1""]}, {""sparsity"": 0.18150043627076184, ""op_types"": [""Conv2d""], ""op_names"": [""model.layer3.2.conv3""]}, {""sparsity"": 0.19014818368448028, ""op_types"": [""Conv2d""], ""op_names"": [""model.layer3.3.conv1""]}, {""sparsity"": 0.2008903018511847, ""op_types"": [""Conv2d""], ""op_names"": [""model.layer3.3.conv3""]}, {""sparsity"": 0.20107546743687707, ""op_types"": [""Conv2d""], ""op_names"": [""model.layer3.4.conv1""]}, {""sparsity"": 0.21821689471309824, ""op_types"": [""Conv2d""], ""op_names"": [""model.layer3.4.conv3""]}, {""sparsity"": 0.21846354475588617, ""op_types"": [""Conv2d""], ""op_names"": [""model.layer3.5.conv1""]}, {""sparsity"": 0.22898961113030863, ""op_types"": [""Conv2d""], ""op_names"": [""model.layer3.5.conv3""]}, {""sparsity"": 0.23131198308107112, ""op_types"": [""Conv2d""], ""op_names"": [""model.layer3.0.downsample.0""]}, {""sparsity"": 0.2396992415951103, ""op_types"": [""Conv2d""], ""op_names"": [""model.layer4.0.conv1""]}, {""sparsity"": 0.24424475804894233, ""op_types"": [""Conv2d""], ""op_names"": [""model.layer3.0.conv2""]}, {""sparsity"": 0.2450736257639994, ""op_types"": [""Conv2d""], ""op_names"": [""model.layer3.1.conv2""]}, {""sparsity"": 0.25406130488442635, ""op_types"": [""Conv2d""], ""op_names"": [""model.layer3.2.conv2""]}, {""sparsity"": 0.259364285907611, ""op_types"": [""Conv2d""], ""op_names"": [""model.layer3.3.conv2""]}, {""sparsity"": 0.2652255628534651, ""op_types"": [""Conv2d""], ""op_names"": [""model.layer3.4.conv2""]}, {""sparsity"": 0.27934071060337506, ""op_types"": [""Conv2d""], ""op_names"": [""model.layer3.5.conv2""]}, {""sparsity"": 0.28844765708472364, ""op_types"": [""Conv2d""], ""op_names"": [""model.layer4.0.conv3""]}, {""sparsity"": 0.29580645378249, ""op_types"": [""Conv2d""], ""op_names"": [""model.layer4.1.conv1""]}, {""sparsity"": 0.31951693450177515, ""op_types"": [""Conv2d""], ""op_names"": [""model.layer4.1.conv3""]}, {""sparsity"": 0.32521769638087805, ""op_types"": [""Conv2d""], ""op_names"": [""model.layer4.2.conv1""]}, {""sparsity"": 0.3355708949051606, ""op_types"": [""Conv2d""], ""op_names"": [""model.layer4.2.conv3""]}, {""sparsity"": 0.33969977728914846, ""op_types"": [""Conv2d""], ""op_names"": [""model.layer4.0.downsample.0""]}, {""sparsity"": 0.3402774755740677, ""op_types"": [""Conv2d""], ""op_names"": [""model.layer4.0.conv2""]}, {""sparsity"": 0.39492267010188514, ""op_types"": [""Conv2d""], ""op_names"": [""model.layer4.1.conv2""]}, {""sparsity"": 0.41221798145999483, ""op_types"": [""Conv2d""], ""op_names"": [""model.layer4.2.conv2""]}]"
0.2928932188134524,"tensor(0.8893, device='cuda:0')","[{""sparsity"": 0.015200548983712084, ""op_types"": [""Conv2d""], ""op_names"": [""model.layer2.2.conv3""]}, {""sparsity"": 0.019001149623442137, ""op_types"": [""Conv2d""], ""op_names"": [""model.layer2.3.conv1""]}, {""sparsity"": 0.022846344030008285, ""op_types"": [""Conv2d""], ""op_names"": [""model.layer2.3.conv3""]}, {""sparsity"": 0.03623308777805228, ""op_types"": [""Conv2d""], ""op_names"": [""model.layer2.0.downsample.0""]}, {""sparsity"": 0.036505646385279956, ""op_types"": [""Conv2d""], ""op_names"": [""model.layer3.0.conv1""]}, {""sparsity"": 0.049813113860445055, ""op_types"": [""Conv2d""], ""op_names"": [""model.layer2.0.conv2""]}, {""sparsity"": 0.05127707803463338, ""op_types"": [""Conv2d""], ""op_names"": [""model.layer2.1.conv2""]}, {""sparsity"": 0.06423817481795999, ""op_types"": [""Conv2d""], ""op_names"": [""model.layer2.2.conv2""]}, {""sparsity"": 0.06801486621337566, ""op_types"": [""Conv2d""], ""op_names"": [""model.layer2.3.conv2""]}, {""sparsity"": 0.10329083885947844, ""op_types"": [""Conv2d""], ""op_names"": [""model.layer3.0.conv3""]}, {""sparsity"": 0.11411002289237544, ""op_types"": [""Conv2d""], ""op_names"": [""model.layer3.1.conv1""]}, {""sparsity"": 0.11882178574454615, ""op_types"": [""Conv2d""], ""op_names"": [""model.layer3.1.conv3""]}, {""sparsity"": 0.126078941173246, ""op_types"": [""Conv2d""], ""op_names"": [""model.layer3.2.conv1""]}, {""sparsity"": 0.1266232756767901, ""op_types"": [""Conv2d""], ""op_names"": [""model.layer3.2.conv3""]}, {""sparsity"": 0.13898988808927254, ""op_types"": [""Conv2d""], ""op_names"": [""model.layer3.3.conv1""]}, {""sparsity"": 0.14848899239778643, ""op_types"": [""Conv2d""], ""op_names"": [""model.layer3.3.conv3""]}, {""sparsity"": 0.15013231619461642, ""op_types"": [""Conv2d""], ""op_names"": [""model.layer3.4.conv1""]}, {""sparsity"": 0.16313122765082744, ""op_types"": [""Conv2d""], ""op_names"": [""model.layer3.4.conv3""]}, {""sparsity"": 0.16378825684833986, ""op_types"": [""Conv2d""], ""op_names"": [""model.layer3.5.conv1""]}, {""sparsity"": 0.1742752452873768, ""op_types"": [""Conv2d""], ""op_names"": [""model.layer3.5.conv3""]}, {""sparsity"": 0.18056413229155605, ""op_types"": [""Conv2d""], ""op_names"": [""model.layer3.0.downsample.0""]}, {""sparsity"": 0.1808724621611378, ""op_types"": [""Conv2d""], ""op_names"": [""model.layer4.0.conv1""]}, {""sparsity"": 0.19000969453247207, ""op_types"": [""Conv2d""], ""op_names"": [""model.layer3.0.conv2""]}, {""sparsity"": 0.19152715950215068, ""op_types"": [""Conv2d""], ""op_names"": [""model.layer3.1.conv2""]}, {""sparsity"": 0.195843857186629, ""op_types"": [""Conv2d""], ""op_names"": [""model.layer3.2.conv2""]}, {""sparsity"": 0.20134469974934313, ""op_types"": [""Conv2d""], ""op_names"": [""model.layer3.3.conv2""]}, {""sparsity"": 0.20384053510128144, ""op_types"": [""Conv2d""], ""op_names"": [""model.layer3.4.conv2""]}, {""sparsity"": 0.22848625579535897, ""op_types"": [""Conv2d""], ""op_names"": [""model.layer3.5.conv2""]}, {""sparsity"": 0.2311653269896794, ""op_types"": [""Conv2d""], ""op_names"": [""model.layer4.0.conv3""]}, {""sparsity"": 0.278725943338964, ""op_types"": [""Conv2d""], ""op_names"": [""model.layer4.1.conv1""]}, {""sparsity"": 0.3449685854844319, ""op_types"": [""Conv2d""], ""op_names"": [""model.layer4.1.conv3""]}, {""sparsity"": 0.34750243481491, ""op_types"": [""Conv2d""], ""op_names"": [""model.layer4.2.conv1""]}, {""sparsity"": 0.3574976814354817, ""op_types"": [""Conv2d""], ""op_names"": [""model.layer4.2.conv3""]}, {""sparsity"": 0.4002607553366584, ""op_types"": [""Conv2d""], ""op_names"": [""model.layer4.0.downsample.0""]}, {""sparsity"": 0.40953967271007985, ""op_types"": [""Conv2d""], ""op_names"": [""model.layer4.0.conv2""]}, {""sparsity"": 0.41706834323626824, ""op_types"": [""Conv2d""], ""op_names"": [""model.layer4.1.conv2""]}, {""sparsity"": 0.46309338644473813, ""op_types"": [""Conv2d""], ""op_names"": [""model.layer4.2.conv2""]}]"
0.2928932188134524,"tensor(0.8887, device='cuda:0')","[{""sparsity"": 0.002654105351477635, ""op_types"": [""Conv2d""], ""op_names"": [""model.layer2.2.conv3""]}, {""sparsity"": 0.012567721254973041, ""op_types"": [""Conv2d""], ""op_names"": [""model.layer2.3.conv1""]}, {""sparsity"": 0.015319311595577223, ""op_types"": [""Conv2d""], ""op_names"": [""model.layer2.3.conv3""]}, {""sparsity"": 0.018441367965990357, ""op_types"": [""Conv2d""], ""op_names"": [""model.layer2.0.downsample.0""]}, {""sparsity"": 0.03595928760242948, ""op_types"": [""Conv2d""], ""op_names"": [""model.layer3.0.conv1""]}, {""sparsity"": 0.038395256082011, ""op_types"": [""Conv2d""], ""op_names"": [""model.layer2.0.conv2""]}, {""sparsity"": 0.038828529605146725, ""op_types"": [""Conv2d""], ""op_names"": [""model.layer2.1.conv2""]}, {""sparsity"": 0.06464345295806925, ""op_types"": [""Conv2d""], ""op_names"": [""model.layer2.2.conv2""]}, {""sparsity"": 0.07202311649879649, ""op_types"": [""Conv2d""], ""op_names"": [""model.layer2.3.conv2""]}, {""sparsity"": 0.07346270584963041, ""op_types"": [""Conv2d""], ""op_names"": [""model.layer3.0.conv3""]}, {""sparsity"": 0.09104360301991087, ""op_types"": [""Conv2d""], ""op_names"": [""model.layer3.1.conv1""]}, {""sparsity"": 0.09164112194996228, ""op_types"": [""Conv2d""], ""op_names"": [""model.layer3.1.conv3""]}, {""sparsity"": 0.09873107429470811, ""op_types"": [""Conv2d""], ""op_names"": [""model.layer3.2.conv1""]}, {""sparsity"": 0.09902100410774077, ""op_types"": [""Conv2d""], ""op_names"": [""model.layer3.2.conv3""]}, {""sparsity"": 0.1004092701897377, ""op_types"": [""Conv2d""], ""op_names"": [""model.layer3.3.conv1""]}, {""sparsity"": 0.10185749041158378, ""op_types"": [""Conv2d""], ""op_names"": [""model.layer3.3.conv3""]}, {""sparsity"": 0.10409038240648756, ""op_types"": [""Conv2d""], ""op_names"": [""model.layer3.4.conv1""]}, {""sparsity"": 0.12810045315120153, ""op_types"": [""Conv2d""], ""op_names"": [""model.layer3.4.conv3""]}, {""sparsity"": 0.13898129546144827, ""op_types"": [""Conv2d""], ""op_names"": [""model.layer3.5.conv1""]}, {""sparsity"": 0.14459890142668058, ""op_types"": [""Conv2d""], ""op_names"": [""model.layer3.5.conv3""]}, {""sparsity"": 0.14840359824524677, ""op_types"": [""Conv2d""], ""op_names"": [""model.layer3.0.downsample.0""]}, {""sparsity"": 0.15290987523452745, ""op_types"": [""Conv2d""], ""op_names"": [""model.layer4.0.conv1""]}, {""sparsity"": 0.15299892081879193, ""op_types"": [""Conv2d""], ""op_names"": [""model.layer3.0.conv2""]}, {""sparsity"": 0.15832670069970692, ""op_types"": [""Conv2d""], ""op_names"": [""model.layer3.1.conv2""]}, {""sparsity"": 0.16858560133980813, ""op_types"": [""Conv2d""], ""op_names"": [""model.layer3.2.conv2""]}, {""sparsity"": 0.1729434039850098, ""op_types"": [""Conv2d""], ""op_names"": [""model.layer3.3.conv2""]}, {""sparsity"": 0.17865903795801935, ""op_types"": [""Conv2d""], ""op_names"": [""model.layer3.4.conv2""]}, {""sparsity"": 0.18568936885587944, ""op_types"": [""Conv2d""], ""op_names"": [""model.layer3.5.conv2""]}, {""sparsity"": 0.2207315056232248, ""op_types"": [""Conv2d""], ""op_names"": [""model.layer4.0.conv3""]}, {""sparsity"": 0.29488017978287895, ""op_types"": [""Conv2d""], ""op_names"": [""model.layer4.1.conv1""]}, {""sparsity"": 0.30040024544515637, ""op_types"": [""Conv2d""], ""op_names"": [""model.layer4.1.conv3""]}, {""sparsity"": 0.3197488612947195, ""op_types"": [""Conv2d""], ""op_names"": [""model.layer4.2.conv1""]}, {""sparsity"": 0.3363199209017934, ""op_types"": [""Conv2d""], ""op_names"": [""model.layer4.2.conv3""]}, {""sparsity"": 0.3462026334747603, ""op_types"": [""Conv2d""], ""op_names"": [""model.layer4.0.downsample.0""]}, {""sparsity"": 0.4641310846427875, ""op_types"": [""Conv2d""], ""op_names"": [""model.layer4.0.conv2""]}, {""sparsity"": 0.5043411125449406, ""op_types"": [""Conv2d""], ""op_names"": [""model.layer4.1.conv2""]}, {""sparsity"": 0.5126213166031712, ""op_types"": [""Conv2d""], ""op_names"": [""model.layer4.2.conv2""]}]"
0.2928932188134524,"tensor(0.8893, device='cuda:0')","[{""sparsity"": 0.0021077332267652755, ""op_types"": [""Conv2d""], ""op_names"": [""model.layer1.2.conv2""]}, {""sparsity"": 0.01255107710463358, ""op_types"": [""Conv2d""], ""op_names"": [""model.layer2.0.conv3""]}, {""sparsity"": 0.030951346713327894, ""op_types"": [""Conv2d""], ""op_names"": [""model.layer2.1.conv1""]}, {""sparsity"": 0.045022663451102334, ""op_types"": [""Conv2d""], ""op_names"": [""model.layer2.1.conv3""]}, {""sparsity"": 0.04565979373959758, ""op_types"": [""Conv2d""], ""op_names"": [""model.layer2.2.conv1""]}, {""sparsity"": 0.04598030195572346, ""op_types"": [""Conv2d""], ""op_names"": [""model.layer2.2.conv3""]}, {""sparsity"": 0.05180748275797915, ""op_types"": [""Conv2d""], ""op_names"": [""model.layer2.3.conv1""]}, {""sparsity"": 0.053512394258627936, ""op_types"": [""Conv2d""], ""op_names"": [""model.layer2.3.conv3""]}, {""sparsity"": 0.07003917760784407, ""op_types"": [""Conv2d""], ""op_names"": [""model.layer2.0.downsample.0""]}, {""sparsity"": 0.07016401165492012, ""op_types"": [""Conv2d""], ""op_names"": [""model.layer3.0.conv1""]}, {""sparsity"": 0.07665412271709784, ""op_types"": [""Conv2d""], ""op_names"": [""model.layer2.0.conv2""]}, {""sparsity"": 0.102498124951064, ""op_types"": [""Conv2d""], ""op_names"": [""model.layer2.1.conv2""]}, {""sparsity"": 0.10322890877364056, ""op_types"": [""Conv2d""], ""op_names"": [""model.layer2.2.conv2""]}, {""sparsity"": 0.10534645187105539, ""op_types"": [""Conv2d""], ""op_names"": [""model.layer2.3.conv2""]}, {""sparsity"": 0.10975300344140353, ""op_types"": [""Conv2d""], ""op_names"": [""model.layer3.0.conv3""]}, {""sparsity"": 0.11339181742708684, ""op_types"": [""Conv2d""], ""op_names"": [""model.layer3.1.conv1""]}, {""sparsity"": 0.11545910845499827, ""op_types"": [""Conv2d""], ""op_names"": [""model.layer3.1.conv3""]}, {""sparsity"": 0.11669116332190747, ""op_types"": [""Conv2d""], ""op_names"": [""model.layer3.2.conv1""]}, {""sparsity"": 0.12648419719712836, ""op_types"": [""Conv2d""], ""op_names"": [""model.layer3.2.conv3""]}, {""sparsity"": 0.12786714535763286, ""op_types"": [""Conv2d""], ""op_names"": [""model.layer3.3.conv1""]}, {""sparsity"": 0.13167049369832307, ""op_types"": [""Conv2d""], ""op_names"": [""model.layer3.3.conv3""]}, {""sparsity"": 0.13237980023573656, ""op_types"": [""Conv2d""], ""op_names"": [""model.layer3.4.conv1""]}, {""sparsity"": 0.1331481165436493, ""op_types"": [""Conv2d""], ""op_names"": [""model.layer3.4.conv3""]}, {""sparsity"": 0.13941084441162802, ""op_types"": [""Conv2d""], ""op_names"": [""model.layer3.5.conv1""]}, {""sparsity"": 0.14266209668936558, ""op_types"": [""Conv2d""], ""op_names"": [""model.layer3.5.conv3""]}, {""sparsity"": 0.14345218684835645, ""op_types"": [""Conv2d""], ""op_names"": [""model.layer3.0.downsample.0""]}, {""sparsity"": 0.1434898372983853, ""op_types"": [""Conv2d""], ""op_names"": [""model.layer4.0.conv1""]}, {""sparsity"": 0.15451719730214403, ""op_types"": [""Conv2d""], ""op_names"": [""model.layer3.0.conv2""]}, {""sparsity"": 0.16005074247347642, ""op_types"": [""Conv2d""], ""op_names"": [""model.layer3.1.conv2""]}, {""sparsity"": 0.16078463711854407, ""op_types"": [""Conv2d""], ""op_names"": [""model.layer3.2.conv2""]}, {""sparsity"": 0.16214851911061418, ""op_types"": [""Conv2d""], ""op_names"": [""model.layer3.3.conv2""]}, {""sparsity"": 0.1764957168179599, ""op_types"": [""Conv2d""], ""op_names"": [""model.layer3.4.conv2""]}, {""sparsity"": 0.1780691841812873, ""op_types"": [""Conv2d""], ""op_names"": [""model.layer3.5.conv2""]}, {""sparsity"": 0.2548868464996419, ""op_types"": [""Conv2d""], ""op_names"": [""model.layer4.0.conv3""]}, {""sparsity"": 0.2698648390591625, ""op_types"": [""Conv2d""], ""op_names"": [""model.layer4.1.conv1""]}, {""sparsity"": 0.2974508429975297, ""op_types"": [""Conv2d""], ""op_names"": [""model.layer4.1.conv3""]}, {""sparsity"": 0.31448102502700065, ""op_types"": [""Conv2d""], ""op_names"": [""model.layer4.2.conv1""]}, {""sparsity"": 0.3780112385502978, ""op_types"": [""Conv2d""], ""op_names"": [""model.layer4.2.conv3""]}, {""sparsity"": 0.38677649102959977, ""op_types"": [""Conv2d""], ""op_names"": [""model.layer4.0.downsample.0""]}, {""sparsity"": 0.4196152394688302, ""op_types"": [""Conv2d""], ""op_names"": [""model.layer4.0.conv2""]}, {""sparsity"": 0.4682958061027141, ""op_types"": [""Conv2d""], ""op_names"": [""model.layer4.1.conv2""]}, {""sparsity"": 0.5008003994453627, ""op_types"": [""Conv2d""], ""op_names"": [""model.layer4.2.conv2""]}]"
0.2928932188134524,"tensor(0.8893, device='cuda:0')","[{""sparsity"": 0.0020292883783835764, ""op_types"": [""Conv2d""], ""op_names"": [""model.layer2.2.conv3""]}, {""sparsity"": 0.013116313587231284, ""op_types"": [""Conv2d""], ""op_names"": [""model.layer2.3.conv1""]}, {""sparsity"": 0.020647382197606545, ""op_types"": [""Conv2d""], ""op_names"": [""model.layer2.3.conv3""]}, {""sparsity"": 0.029411625108675676, ""op_types"": [""Conv2d""], ""op_names"": [""model.layer2.0.downsample.0""]}, {""sparsity"": 0.03539859994495692, ""op_types"": [""Conv2d""], ""op_names"": [""model.layer3.0.conv1""]}, {""sparsity"": 0.03655291208969998, ""op_types"": [""Conv2d""], ""op_names"": [""model.layer2.0.conv2""]}, {""sparsity"": 0.039817411365643506, ""op_types"": [""Conv2d""], ""op_names"": [""model.layer2.1.conv2""]}, {""sparsity"": 0.04163674282493733, ""op_types"": [""Conv2d""], ""op_names"": [""model.layer2.2.conv2""]}, {""sparsity"": 0.05040954678173956, ""op_types"": [""Conv2d""], ""op_names"": [""model.layer2.3.conv2""]}, {""sparsity"": 0.05064236069522045, ""op_types"": [""Conv2d""], ""op_names"": [""model.layer3.0.conv3""]}, {""sparsity"": 0.052715709610262985, ""op_types"": [""Conv2d""], ""op_names"": [""model.layer3.1.conv1""]}, {""sparsity"": 0.0536912632551002, ""op_types"": [""Conv2d""], ""op_names"": [""model.layer3.1.conv3""]}, {""sparsity"": 0.060074827142742926, ""op_types"": [""Conv2d""], ""op_names"": [""model.layer3.2.conv1""]}, {""sparsity"": 0.0755830676508834, ""op_types"": [""Conv2d""], ""op_names"": [""model.layer3.2.conv3""]}, {""sparsity"": 0.09428417457134239, ""op_types"": [""Conv2d""], ""op_names"": [""model.layer3.3.conv1""]}, {""sparsity"": 0.0945918720810419, ""op_types"": [""Conv2d""], ""op_names"": [""model.layer3.3.conv3""]}, {""sparsity"": 0.10712646922858017, ""op_types"": [""Conv2d""], ""op_names"": [""model.layer3.4.conv1""]}, {""sparsity"": 0.11557961825316418, ""op_types"": [""Conv2d""], ""op_names"": [""model.layer3.4.conv3""]}, {""sparsity"": 0.125900256417069, ""op_types"": [""Conv2d""], ""op_names"": [""model.layer3.5.conv1""]}, {""sparsity"": 0.1415315914289342, ""op_types"": [""Conv2d""], ""op_names"": [""model.layer3.5.conv3""]}, {""sparsity"": 0.14632539230910643, ""op_types"": [""Conv2d""], ""op_names"": [""model.layer3.0.downsample.0""]}, {""sparsity"": 0.15055601675053013, ""op_types"": [""Conv2d""], ""op_names"": [""model.layer4.0.conv1""]}, {""sparsity"": 0.1538219920241753, ""op_types"": [""Conv2d""], ""op_names"": [""model.layer3.0.conv2""]}, {""sparsity"": 0.15813426436738953, ""op_types"": [""Conv2d""], ""op_names"": [""model.layer3.1.conv2""]}, {""sparsity"": 0.19247367692716874, ""op_types"": [""Conv2d""], ""op_names"": [""model.layer3.2.conv2""]}, {""sparsity"": 0.19816332232873085, ""op_types"": [""Conv2d""], ""op_names"": [""model.layer3.3.conv2""]}, {""sparsity"": 0.22345545116458754, ""op_types"": [""Conv2d""], ""op_names"": [""model.layer3.4.conv2""]}, {""sparsity"": 0.24826403205319755, ""op_types"": [""Conv2d""], ""op_names"": [""model.layer3.5.conv2""]}, {""sparsity"": 0.26310621393242567, ""op_types"": [""Conv2d""], ""op_names"": [""model.layer4.0.conv3""]}, {""sparsity"": 0.32261814386399634, ""op_types"": [""Conv2d""], ""op_names"": [""model.layer4.1.conv1""]}, {""sparsity"": 0.3390892620547174, ""op_types"": [""Conv2d""], ""op_names"": [""model.layer4.1.conv3""]}, {""sparsity"": 0.3781540505957303, ""op_types"": [""Conv2d""], ""op_names"": [""model.layer4.2.conv1""]}, {""sparsity"": 0.3880110196119321, ""op_types"": [""Conv2d""], ""op_names"": [""model.layer4.2.conv3""]}, {""sparsity"": 0.39678322450382214, ""op_types"": [""Conv2d""], ""op_names"": [""model.layer4.0.downsample.0""]}, {""sparsity"": 0.429071624113081, ""op_types"": [""Conv2d""], ""op_names"": [""model.layer4.0.conv2""]}, {""sparsity"": 0.44492282524799404, ""op_types"": [""Conv2d""], ""op_names"": [""model.layer4.1.conv2""]}, {""sparsity"": 0.45092225047881435, ""op_types"": [""Conv2d""], ""op_names"": [""model.layer4.2.conv2""]}]"
0.2928932188134524,"tensor(0.8887, device='cuda:0')","[{""sparsity"": 0.0027476878874899894, ""op_types"": [""Conv2d""], ""op_names"": [""model.layer2.0.conv2""]}, {""sparsity"": 0.00627759062554936, ""op_types"": [""Conv2d""], ""op_names"": [""model.layer2.1.conv2""]}, {""sparsity"": 0.007944559469235071, ""op_types"": [""Conv2d""], ""op_names"": [""model.layer2.2.conv2""]}, {""sparsity"": 0.015549649907053301, ""op_types"": [""Conv2d""], ""op_names"": [""model.layer2.3.conv2""]}, {""sparsity"": 0.023948784631386784, ""op_types"": [""Conv2d""], ""op_names"": [""model.layer3.0.conv3""]}, {""sparsity"": 0.04421267856704945, ""op_types"": [""Conv2d""], ""op_names"": [""model.layer3.1.conv1""]}, {""sparsity"": 0.07284625411917896, ""op_types"": [""Conv2d""], ""op_names"": [""model.layer3.1.conv3""]}, {""sparsity"": 0.07331291024865214, ""op_types"": [""Conv2d""], ""op_names"": [""model.layer3.2.conv1""]}, {""sparsity"": 0.09319044895773893, ""op_types"": [""Conv2d""], ""op_names"": [""model.layer3.2.conv3""]}, {""sparsity"": 0.09489660167129697, ""op_types"": [""Conv2d""], ""op_names"": [""model.layer3.3.conv1""]}, {""sparsity"": 0.09516646755993417, ""op_types"": [""Conv2d""], ""op_names"": [""model.layer3.3.conv3""]}, {""sparsity"": 0.10069484027965057, ""op_types"": [""Conv2d""], ""op_names"": [""model.layer3.4.conv1""]}, {""sparsity"": 0.10684805137427496, ""op_types"": [""Conv2d""], ""op_names"": [""model.layer3.4.conv3""]}, {""sparsity"": 0.11217958650672917, ""op_types"": [""Conv2d""], ""op_names"": [""model.layer3.5.conv1""]}, {""sparsity"": 0.12304566411362465, ""op_types"": [""Conv2d""], ""op_names"": [""model.layer3.5.conv3""]}, {""sparsity"": 0.139853827415716, ""op_types"": [""Conv2d""], ""op_names"": [""model.layer3.0.downsample.0""]}, {""sparsity"": 0.1503519896077004, ""op_types"": [""Conv2d""], ""op_names"": [""model.layer4.0.conv1""]}, {""sparsity"": 0.1583675848274104, ""op_types"": [""Conv2d""], ""op_names"": [""model.layer3.0.conv2""]}, {""sparsity"": 0.16198557760608934, ""op_types"": [""Conv2d""], ""op_names"": [""model.layer3.1.conv2""]}, {""sparsity"": 0.17467878015189628, ""op_types"": [""Conv2d""], ""op_names"": [""model.layer3.2.conv2""]}, {""sparsity"": 0.17813496583806454, ""op_types"": [""Conv2d""], ""op_names"": [""model.layer3.3.conv2""]}, {""sparsity"": 0.24944847801599027, ""op_types"": [""Conv2d""], ""op_names"": [""model.layer3.4.conv2""]}, {""sparsity"": 0.2550849210130594, ""op_types"": [""Conv2d""], ""op_names"": [""model.layer3.5.conv2""]}, {""sparsity"": 0.25948322425041015, ""op_types"": [""Conv2d""], ""op_names"": [""model.layer4.0.conv3""]}, {""sparsity"": 0.2841166823124092, ""op_types"": [""Conv2d""], ""op_names"": [""model.layer4.1.conv1""]}, {""sparsity"": 0.28873622283024164, ""op_types"": [""Conv2d""], ""op_names"": [""model.layer4.1.conv3""]}, {""sparsity"": 0.34555797796118337, ""op_types"": [""Conv2d""], ""op_names"": [""model.layer4.2.conv1""]}, {""sparsity"": 0.3667676839641807, ""op_types"": [""Conv2d""], ""op_names"": [""model.layer4.2.conv3""]}, {""sparsity"": 0.37433601509707076, ""op_types"": [""Conv2d""], ""op_names"": [""model.layer4.0.downsample.0""]}, {""sparsity"": 0.4227240455026581, ""op_types"": [""Conv2d""], ""op_names"": [""model.layer4.0.conv2""]}, {""sparsity"": 0.45364539963661443, ""op_types"": [""Conv2d""], ""op_names"": [""model.layer4.1.conv2""]}, {""sparsity"": 0.5507403687395181, ""op_types"": [""Conv2d""], ""op_names"": [""model.layer4.2.conv2""]}]"
0.2928932188134524,"tensor(0.8893, device='cuda:0')","[{""sparsity"": 0.007025534289331105, ""op_types"": [""Conv2d""], ""op_names"": [""model.layer2.1.conv1""]}, {""sparsity"": 0.02127388809680157, ""op_types"": [""Conv2d""], ""op_names"": [""model.layer2.1.conv3""]}, {""sparsity"": 0.022813001364384404, ""op_types"": [""Conv2d""], ""op_names"": [""model.layer2.2.conv1""]}, {""sparsity"": 0.027769728363019493, ""op_types"": [""Conv2d""], ""op_names"": [""model.layer2.2.conv3""]}, {""sparsity"": 0.042393276716689736, ""op_types"": [""Conv2d""], ""op_names"": [""model.layer2.3.conv1""]}, {""sparsity"": 0.06088456357232511, ""op_types"": [""Conv2d""], ""op_names"": [""model.layer2.3.conv3""]}, {""sparsity"": 0.06503001320988697, ""op_types"": [""Conv2d""], ""op_names"": [""model.layer2.0.downsample.0""]}, {""sparsity"": 0.06823182835267623, ""op_types"": [""Conv2d""], ""op_names"": [""model.layer3.0.conv1""]}, {""sparsity"": 0.07220452296840732, ""op_types"": [""Conv2d""], ""op_names"": [""model.layer2.0.conv2""]}, {""sparsity"": 0.07804464684035015, ""op_types"": [""Conv2d""], ""op_names"": [""model.layer2.1.conv2""]}, {""sparsity"": 0.09961110439966725, ""op_types"": [""Conv2d""], ""op_names"": [""model.layer2.2.conv2""]}, {""sparsity"": 0.11307257405776615, ""op_types"": [""Conv2d""], ""op_names"": [""model.layer2.3.conv2""]}, {""sparsity"": 0.12240910737679435, ""op_types"": [""Conv2d""], ""op_names"": [""model.layer3.0.conv3""]}, {""sparsity"": 0.12659217733982184, ""op_types"": [""Conv2d""], ""op_names"": [""model.layer3.1.conv1""]}, {""sparsity"": 0.12786713170512914, ""op_types"": [""Conv2d""], ""op_names"": [""model.layer3.1.conv3""]}, {""sparsity"": 0.12928622187431846, ""op_types"": [""Conv2d""], ""op_names"": [""model.layer3.2.conv1""]}, {""sparsity"": 0.14075691389474446, ""op_types"": [""Conv2d""], ""op_names"": [""model.layer3.2.conv3""]}, {""sparsity"": 0.14076013548495653, ""op_types"": [""Conv2d""], ""op_names"": [""model.layer3.3.conv1""]}, {""sparsity"": 0.14637218709174912, ""op_types"": [""Conv2d""], ""op_names"": [""model.layer3.3.conv3""]}, {""sparsity"": 0.15621287835153766, ""op_types"": [""Conv2d""], ""op_names"": [""model.layer3.4.conv1""]}, {""sparsity"": 0.1639653036258332, ""op_types"": [""Conv2d""], ""op_names"": [""model.layer3.4.conv3""]}, {""sparsity"": 0.16724522805719547, ""op_types"": [""Conv2d""], ""op_names"": [""model.layer3.5.conv1""]}, {""sparsity"": 0.17512936536776433, ""op_types"": [""Conv2d""], ""op_names"": [""model.layer3.5.conv3""]}, {""sparsity"": 0.17523356775411322, ""op_types"": [""Conv2d""], ""op_names"": [""model.layer3.0.downsample.0""]}, {""sparsity"": 0.18137315369554907, ""op_types"": [""Conv2d""], ""op_names"": [""model.layer4.0.conv1""]}, {""sparsity"": 0.18458812684822193, ""op_types"": [""Conv2d""], ""op_names"": [""model.layer3.0.conv2""]}, {""sparsity"": 0.19824759183664276, ""op_types"": [""Conv2d""], ""op_names"": [""model.layer3.1.conv2""]}, {""sparsity"": 0.22404379199796817, ""op_types"": [""Conv2d""], ""op_names"": [""model.layer3.2.conv2""]}, {""sparsity"": 0.23781585863560356, ""op_types"": [""Conv2d""], ""op_names"": [""model.layer3.3.conv2""]}, {""sparsity"": 0.23979346459276907, ""op_types"": [""Conv2d""], ""op_names"": [""model.layer3.4.conv2""]}, {""sparsity"": 0.24142716808511863, ""op_types"": [""Conv2d""], ""op_names"": [""model.layer3.5.conv2""]}, {""sparsity"": 0.25264908588552604, ""op_types"": [""Conv2d""], ""op_names"": [""model.layer4.0.conv3""]}, {""sparsity"": 0.25966984438658497, ""op_types"": [""Conv2d""], ""op_names"": [""model.layer4.1.conv1""]}, {""sparsity"": 0.280153784574706, ""op_types"": [""Conv2d""], ""op_names"": [""model.layer4.1.conv3""]}, {""sparsity"": 0.2841594227468281, ""op_types"": [""Conv2d""], ""op_names"": [""model.layer4.2.conv1""]}, {""sparsity"": 0.343965184753489, ""op_types"": [""Conv2d""], ""op_names"": [""model.layer4.2.conv3""]}, {""sparsity"": 0.40600918207900777, ""op_types"": [""Conv2d""], ""op_names"": [""model.layer4.0.downsample.0""]}, {""sparsity"": 0.4060208646156998, ""op_types"": [""Conv2d""], ""op_names"": [""model.layer4.0.conv2""]}, {""sparsity"": 0.40646211128169774, ""op_types"": [""Conv2d""], ""op_names"": [""model.layer4.1.conv2""]}, {""sparsity"": 0.48377483722716635, ""op_types"": [""Conv2d""], ""op_names"": [""model.layer4.2.conv2""]}]"
0.2928932188134524,"tensor(0.8887, device='cuda:0')","[{""sparsity"": 0.009344468552028574, ""op_types"": [""Conv2d""], ""op_names"": [""model.layer2.0.conv3""]}, {""sparsity"": 0.029042727084576683, ""op_types"": [""Conv2d""], ""op_names"": [""model.layer2.1.conv1""]}, {""sparsity"": 0.044531026428919006, ""op_types"": [""Conv2d""], ""op_names"": [""model.layer2.1.conv3""]}, {""sparsity"": 0.06435233298921834, ""op_types"": [""Conv2d""], ""op_names"": [""model.layer2.2.conv1""]}, {""sparsity"": 0.07482100474255991, ""op_types"": [""Conv2d""], ""op_names"": [""model.layer2.2.conv3""]}, {""sparsity"": 0.07740529128981012, ""op_types"": [""Conv2d""], ""op_names"": [""model.layer2.3.conv1""]}, {""sparsity"": 0.07791873833922737, ""op_types"": [""Conv2d""], ""op_names"": [""model.layer2.3.conv3""]}, {""sparsity"": 0.07913220297451658, ""op_types"": [""Conv2d""], ""op_names"": [""model.layer2.0.downsample.0""]}, {""sparsity"": 0.0840603077584799, ""op_types"": [""Conv2d""], ""op_names"": [""model.layer3.0.conv1""]}, {""sparsity"": 0.10761318327088949, ""op_types"": [""Conv2d""], ""op_names"": [""model.layer2.0.conv2""]}, {""sparsity"": 0.1103562538665559, ""op_types"": [""Conv2d""], ""op_names"": [""model.layer2.1.conv2""]}, {""sparsity"": 0.11912215847358647, ""op_types"": [""Conv2d""], ""op_names"": [""model.layer2.2.conv2""]}, {""sparsity"": 0.11954596941951028, ""op_types"": [""Conv2d""], ""op_names"": [""model.layer2.3.conv2""]}, {""sparsity"": 0.11965997335018204, ""op_types"": [""Conv2d""], ""op_names"": [""model.layer3.0.conv3""]}, {""sparsity"": 0.12003352542595351, ""op_types"": [""Conv2d""], ""op_names"": [""model.layer3.1.conv1""]}, {""sparsity"": 0.12167373728929043, ""op_types"": [""Conv2d""], ""op_names"": [""model.layer3.1.conv3""]}, {""sparsity"": 0.1454935203382704, ""op_types"": [""Conv2d""], ""op_names"": [""model.layer3.2.conv1""]}, {""sparsity"": 0.146086404996899, ""op_types"": [""Conv2d""], ""op_names"": [""model.layer3.2.conv3""]}, {""sparsity"": 0.14803000501493394, ""op_types"": [""Conv2d""], ""op_names"": [""model.layer3.3.conv1""]}, {""sparsity"": 0.15543477301484326, ""op_types"": [""Conv2d""], ""op_names"": [""model.layer3.3.conv3""]}, {""sparsity"": 0.15659329854063522, ""op_types"": [""Conv2d""], ""op_names"": [""model.layer3.4.conv1""]}, {""sparsity"": 0.15951264889184574, ""op_types"": [""Conv2d""], ""op_names"": [""model.layer3.4.conv3""]}, {""sparsity"": 0.17095107745799754, ""op_types"": [""Conv2d""], ""op_names"": [""model.layer3.5.conv1""]}, {""sparsity"": 0.17622791773624263, ""op_types"": [""Conv2d""], ""op_names"": [""model.layer3.5.conv3""]}, {""sparsity"": 0.1822609830947845, ""op_types"": [""Conv2d""], ""op_names"": [""model.layer3.0.downsample.0""]}, {""sparsity"": 0.18487341704325325, ""op_types"": [""Conv2d""], ""op_names"": [""model.layer4.0.conv1""]}, {""sparsity"": 0.21275463634256084, ""op_types"": [""Conv2d""], ""op_names"": [""model.layer3.0.conv2""]}, {""sparsity"": 0.22700120537266982, ""op_types"": [""Conv2d""], ""op_names"": [""model.layer3.1.conv2""]}, {""sparsity"": 0.22972505612403915, ""op_types"": [""Conv2d""], ""op_names"": [""model.layer3.2.conv2""]}, {""sparsity"": 0.2298662331286903, ""op_types"": [""Conv2d""], ""op_names"": [""model.layer3.3.conv2""]}, {""sparsity"": 0.2335128467481307, ""op_types"": [""Conv2d""], ""op_names"": [""model.layer3.4.conv2""]}, {""sparsity"": 0.24523678920088948, ""op_types"": [""Conv2d""], ""op_names"": [""model.layer3.5.conv2""]}, {""sparsity"": 0.2525176500643762, ""op_types"": [""Conv2d""], ""op_names"": [""model.layer4.0.conv3""]}, {""sparsity"": 0.255068493644285, ""op_types"": [""Conv2d""], ""op_names"": [""model.layer4.1.conv1""]}, {""sparsity"": 0.28804964552914325, ""op_types"": [""Conv2d""], ""op_names"": [""model.layer4.1.conv3""]}, {""sparsity"": 0.3327011074037322, ""op_types"": [""Conv2d""], ""op_names"": [""model.layer4.2.conv1""]}, {""sparsity"": 0.3454919188022648, ""op_types"": [""Conv2d""], ""op_names"": [""model.layer4.2.conv3""]}, {""sparsity"": 0.36487507623778775, ""op_types"": [""Conv2d""], ""op_names"": [""model.layer4.0.downsample.0""]}, {""sparsity"": 0.36623615370680895, ""op_types"": [""Conv2d""], ""op_names"": [""model.layer4.0.conv2""]}, {""sparsity"": 0.4265463281977106, ""op_types"": [""Conv2d""], ""op_names"": [""model.layer4.1.conv2""]}, {""sparsity"": 0.4854846524674588, ""op_types"": [""Conv2d""], ""op_names"": [""model.layer4.2.conv2""]}]"
0.2928932188134524,"tensor(0.8887, device='cuda:0')","[{""sparsity"": 0.023617570112678916, ""op_types"": [""Conv2d""], ""op_names"": [""model.layer1.1.conv2""]}, {""sparsity"": 0.026197346371916366, ""op_types"": [""Conv2d""], ""op_names"": [""model.layer1.2.conv2""]}, {""sparsity"": 0.03061374329700085, ""op_types"": [""Conv2d""], ""op_names"": [""model.layer2.0.conv3""]}, {""sparsity"": 0.03591602573848981, ""op_types"": [""Conv2d""], ""op_names"": [""model.layer2.1.conv1""]}, {""sparsity"": 0.04160126415544071, ""op_types"": [""Conv2d""], ""op_names"": [""model.layer2.1.conv3""]}, {""sparsity"": 0.049542415200620776, ""op_types"": [""Conv2d""], ""op_names"": [""model.layer2.2.conv1""]}, {""sparsity"": 0.04972504434502972, ""op_types"": [""Conv2d""], ""op_names"": [""model.layer2.2.conv3""]}, {""sparsity"": 0.06522711961651588, ""op_types"": [""Conv2d""], ""op_names"": [""model.layer2.3.conv1""]}, {""sparsity"": 0.07585833678665216, ""op_types"": [""Conv2d""], ""op_names"": [""model.layer2.3.conv3""]}, {""sparsity"": 0.07660905649173536, ""op_types"": [""Conv2d""], ""op_names"": [""model.layer2.0.downsample.0""]}, {""sparsity"": 0.08068564420083267, ""op_types"": [""Conv2d""], ""op_names"": [""model.layer3.0.conv1""]}, {""sparsity"": 0.08619797289965121, ""op_types"": [""Conv2d""], ""op_names"": [""model.layer2.0.conv2""]}, {""sparsity"": 0.09121656402869534, ""op_types"": [""Conv2d""], ""op_names"": [""model.layer2.1.conv2""]}, {""sparsity"": 0.09214394793470579, ""op_types"": [""Conv2d""], ""op_names"": [""model.layer2.2.conv2""]}, {""sparsity"": 0.09448596502015469, ""op_types"": [""Conv2d""], ""op_names"": [""model.layer2.3.conv2""]}, {""sparsity"": 0.09490314489611208, ""op_types"": [""Conv2d""], ""op_names"": [""model.layer3.0.conv3""]}, {""sparsity"": 0.10605780487227662, ""op_types"": [""Conv2d""], ""op_names"": [""model.layer3.1.conv1""]}, {""sparsity"": 0.10610194747292764, ""op_types"": [""Conv2d""], ""op_names"": [""model.layer3.1.conv3""]}, {""sparsity"": 0.10730921197057736, ""op_types"": [""Conv2d""], ""op_names"": [""model.layer3.2.conv1""]}, {""sparsity"": 0.12118450332130265, ""op_types"": [""Conv2d""], ""op_names"": [""model.layer3.2.conv3""]}, {""sparsity"": 0.1396370616061626, ""op_types"": [""Conv2d""], ""op_names"": [""model.layer3.3.conv1""]}, {""sparsity"": 0.1482316635457613, ""op_types"": [""Conv2d""], ""op_names"": [""model.layer3.3.conv3""]}, {""sparsity"": 0.1538223953201733, ""op_types"": [""Conv2d""], ""op_names"": [""model.layer3.4.conv1""]}, {""sparsity"": 0.16241107779947483, ""op_types"": [""Conv2d""], ""op_names"": [""model.layer3.4.conv3""]}, {""sparsity"": 0.17240740729246853, ""op_types"": [""Conv2d""], ""op_names"": [""model.layer3.5.conv1""]}, {""sparsity"": 0.19440705043444986, ""op_types"": [""Conv2d""], ""op_names"": [""model.layer3.5.conv3""]}, {""sparsity"": 0.20268727497983616, ""op_types"": [""Conv2d""], ""op_names"": [""model.layer3.0.downsample.0""]}, {""sparsity"": 0.21021974573480298, ""op_types"": [""Conv2d""], ""op_names"": [""model.layer4.0.conv1""]}, {""sparsity"": 0.2130050856993943, ""op_types"": [""Conv2d""], ""op_names"": [""model.layer3.0.conv2""]}, {""sparsity"": 0.2289486303911655, ""op_types"": [""Conv2d""], ""op_names"": [""model.layer3.1.conv2""]}, {""sparsity"": 0.23923888742354957, ""op_types"": [""Conv2d""], ""op_names"": [""model.layer3.2.conv2""]}, {""sparsity"": 0.239760574601822, ""op_types"": [""Conv2d""], ""op_names"": [""model.layer3.3.conv2""]}, {""sparsity"": 0.2529182655669279, ""op_types"": [""Conv2d""], ""op_names"": [""model.layer3.4.conv2""]}, {""sparsity"": 0.25984505623773324, ""op_types"": [""Conv2d""], ""op_names"": [""model.layer3.5.conv2""]}, {""sparsity"": 0.2814278195604686, ""op_types"": [""Conv2d""], ""op_names"": [""model.layer4.0.conv3""]}, {""sparsity"": 0.3037633588386692, ""op_types"": [""Conv2d""], ""op_names"": [""model.layer4.1.conv1""]}, {""sparsity"": 0.3073415857878948, ""op_types"": [""Conv2d""], ""op_names"": [""model.layer4.1.conv3""]}, {""sparsity"": 0.31061371505861024, ""op_types"": [""Conv2d""], ""op_names"": [""model.layer4.2.conv1""]}, {""sparsity"": 0.3145442765974113, ""op_types"": [""Conv2d""], ""op_names"": [""model.layer4.2.conv3""]}, {""sparsity"": 0.32145471712882634, ""op_types"": [""Conv2d""], ""op_names"": [""model.layer4.0.downsample.0""]}, {""sparsity"": 0.3518403499988218, ""op_types"": [""Conv2d""], ""op_names"": [""model.layer4.0.conv2""]}, {""sparsity"": 0.4697682302292506, ""op_types"": [""Conv2d""], ""op_names"": [""model.layer4.1.conv2""]}, {""sparsity"": 0.47040436021703314, ""op_types"": [""Conv2d""], ""op_names"": [""model.layer4.2.conv2""]}]"
0.2928932188134524,"tensor(0.8887, device='cuda:0')","[{""sparsity"": 0.010581422021591767, ""op_types"": [""Conv2d""], ""op_names"": [""model.layer1.1.conv1""]}, {""sparsity"": 0.011814846118185129, ""op_types"": [""Conv2d""], ""op_names"": [""model.layer1.1.conv3""]}, {""sparsity"": 0.013026844660891044, ""op_types"": [""Conv2d""], ""op_names"": [""model.layer1.2.conv1""]}, {""sparsity"": 0.013778200455138457, ""op_types"": [""Conv2d""], ""op_names"": [""model.layer1.2.conv3""]}, {""sparsity"": 0.014073062889907466, ""op_types"": [""Conv2d""], ""op_names"": [""model.layer2.0.conv1""]}, {""sparsity"": 0.026751246329544065, ""op_types"": [""Conv2d""], ""op_names"": [""model.layer1.0.conv2""]}, {""sparsity"": 0.028657957700268244, ""op_types"": [""Conv2d""], ""op_names"": [""model.layer1.1.conv2""]}, {""sparsity"": 0.02956239525996892, ""op_types"": [""Conv2d""], ""op_names"": [""model.layer1.2.conv2""]}, {""sparsity"": 0.03001626075010688, ""op_types"": [""Conv2d""], ""op_names"": [""model.layer2.0.conv3""]}, {""sparsity"": 0.03070746078168575, ""op_types"": [""Conv2d""], ""op_names"": [""model.layer2.1.conv1""]}, {""sparsity"": 0.03642895893996755, ""op_types"": [""Conv2d""], ""op_names"": [""model.layer2.1.conv3""]}, {""sparsity"": 0.037689688008925845, ""op_types"": [""Conv2d""], ""op_names"": [""model.layer2.2.conv1""]}, {""sparsity"": 0.044243396526919325, ""op_types"": [""Conv2d""], ""op_names"": [""model.layer2.2.conv3""]}, {""sparsity"": 0.051264104341624935, ""op_types"": [""Conv2d""], ""op_names"": [""model.layer2.3.conv1""]}, {""sparsity"": 0.060174006201358446, ""op_types"": [""Conv2d""], ""op_names"": [""model.layer2.3.conv3""]}, {""sparsity"": 0.06294983853792954, ""op_types"": [""Conv2d""], ""op_names"": [""model.layer2.0.downsample.0""]}, {""sparsity"": 0.07000570835375755, ""op_types"": [""Conv2d""], ""op_names"": [""model.layer3.0.conv1""]}, {""sparsity"": 0.07506202774758712, ""op_types"": [""Conv2d""], ""op_names"": [""model.layer2.0.conv2""]}, {""sparsity"": 0.08590494317158233, ""op_types"": [""Conv2d""], ""op_names"": [""model.layer2.1.conv2""]}, {""sparsity"": 0.08724131200086563, ""op_types"": [""Conv2d""], ""op_names"": [""model.layer2.2.conv2""]}, {""sparsity"": 0.0875628139455347, ""op_types"": [""Conv2d""], ""op_names"": [""model.layer2.3.conv2""]}, {""sparsity"": 0.08968400601836632, ""op_types"": [""Conv2d""], ""op_names"": [""model.layer3.0.conv3""]}, {""sparsity"": 0.09473494355825267, ""op_types"": [""Conv2d""], ""op_names"": [""model.layer3.1.conv1""]}, {""sparsity"": 0.10194925079301118, ""op_types"": [""Conv2d""], ""op_names"": [""model.layer3.1.conv3""]}, {""sparsity"": 0.10290169128965973, ""op_types"": [""Conv2d""], ""op_names"": [""model.layer3.2.conv1""]}, {""sparsity"": 0.11211822380345132, ""op_types"": [""Conv2d""], ""op_names"": [""model.layer3.2.conv3""]}, {""sparsity"": 0.11659335795079954, ""op_types"": [""Conv2d""], ""op_names"": [""model.layer3.3.conv1""]}, {""sparsity"": 0.1372230702557086, ""op_types"": [""Conv2d""], ""op_names"": [""model.layer3.3.conv3""]}, {""sparsity"": 0.1583612557710356, ""op_types"": [""Conv2d""], ""op_names"": [""model.layer3.4.conv1""]}, {""sparsity"": 0.1608480830547181, ""op_types"": [""Conv2d""], ""op_names"": [""model.layer3.4.conv3""]}, {""sparsity"": 0.16269769214069965, ""op_types"": [""Conv2d""], ""op_names"": [""model.layer3.5.conv1""]}, {""sparsity"": 0.18792495032612383, ""op_types"": [""Conv2d""], ""op_names"": [""model.layer3.5.conv3""]}, {""sparsity"": 0.1998198044861358, ""op_types"": [""Conv2d""], ""op_names"": [""model.layer3.0.downsample.0""]}, {""sparsity"": 0.20431783332439002, ""op_types"": [""Conv2d""], ""op_names"": [""model.layer4.0.conv1""]}, {""sparsity"": 0.23972460995659775, ""op_types"": [""Conv2d""], ""op_names"": [""model.layer3.0.conv2""]}, {""sparsity"": 0.2546360216961362, ""op_types"": [""Conv2d""], ""op_names"": [""model.layer3.1.conv2""]}, {""sparsity"": 0.2566783032561432, ""op_types"": [""Conv2d""], ""op_names"": [""model.layer3.2.conv2""]}, {""sparsity"": 0.26838162588181147, ""op_types"": [""Conv2d""], ""op_names"": [""model.layer3.3.conv2""]}, {""sparsity"": 0.2697686827971092, ""op_types"": [""Conv2d""], ""op_names"": [""model.layer3.4.conv2""]}, {""sparsity"": 0.2832038603314051, ""op_types"": [""Conv2d""], ""op_names"": [""model.layer3.5.conv2""]}, {""sparsity"": 0.3069477661492361, ""op_types"": [""Conv2d""], ""op_names"": [""model.layer4.0.conv3""]}, {""sparsity"": 0.30796981797237644, ""op_types"": [""Conv2d""], ""op_names"": [""model.layer4.1.conv1""]}, {""sparsity"": 0.3422094602314102, ""op_types"": [""Conv2d""], ""op_names"": [""model.layer4.1.conv3""]}, {""sparsity"": 0.34518954229296783, ""op_types"": [""Conv2d""], ""op_names"": [""model.layer4.2.conv1""]}, {""sparsity"": 0.35723099803144626, ""op_types"": [""Conv2d""], ""op_names"": [""model.layer4.2.conv3""]}, {""sparsity"": 0.36637699012966185, ""op_types"": [""Conv2d""], ""op_names"": [""model.layer4.0.downsample.0""]}, {""sparsity"": 0.37299297085556105, ""op_types"": [""Conv2d""], ""op_names"": [""model.layer4.0.conv2""]}, {""sparsity"": 0.3842504518462531, ""op_types"": [""Conv2d""], ""op_names"": [""model.layer4.1.conv2""]}, {""sparsity"": 0.411763579357635, ""op_types"": [""Conv2d""], ""op_names"": [""model.layer4.2.conv2""]}]"
0.2928932188134524,"tensor(0.8893, device='cuda:0')","[{""sparsity"": 0.000741629563490872, ""op_types"": [""Conv2d""], ""op_names"": [""model.layer1.1.conv2""]}, {""sparsity"": 0.03215038105073423, ""op_types"": [""Conv2d""], ""op_names"": [""model.layer1.2.conv2""]}, {""sparsity"": 0.03284947335163357, ""op_types"": [""Conv2d""], ""op_names"": [""model.layer2.0.conv3""]}, {""sparsity"": 0.035625392119551666, ""op_types"": [""Conv2d""], ""op_names"": [""model.layer2.1.conv1""]}, {""sparsity"": 0.0582934765726575, ""op_types"": [""Conv2d""], ""op_names"": [""model.layer2.1.conv3""]}, {""sparsity"": 0.07412377370870414, ""op_types"": [""Conv2d""], ""op_names"": [""model.layer2.2.conv1""]}, {""sparsity"": 0.07971113210983717, ""op_types"": [""Conv2d""], ""op_names"": [""model.layer2.2.conv3""]}, {""sparsity"": 0.08338472162100342, ""op_types"": [""Conv2d""], ""op_names"": [""model.layer2.3.conv1""]}, {""sparsity"": 0.08964778933739564, ""op_types"": [""Conv2d""], ""op_names"": [""model.layer2.3.conv3""]}, {""sparsity"": 0.09264929072361078, ""op_types"": [""Conv2d""], ""op_names"": [""model.layer2.0.downsample.0""]}, {""sparsity"": 0.09476002884214353, ""op_types"": [""Conv2d""], ""op_names"": [""model.layer3.0.conv1""]}, {""sparsity"": 0.09705930555793262, ""op_types"": [""Conv2d""], ""op_names"": [""model.layer2.0.conv2""]}, {""sparsity"": 0.10671024131042031, ""op_types"": [""Conv2d""], ""op_names"": [""model.layer2.1.conv2""]}, {""sparsity"": 0.10763609235276873, ""op_types"": [""Conv2d""], ""op_names"": [""model.layer2.2.conv2""]}, {""sparsity"": 0.10872108493366892, ""op_types"": [""Conv2d""], ""op_names"": [""model.layer2.3.conv2""]}, {""sparsity"": 0.11228414978549713, ""op_types"": [""Conv2d""], ""op_names"": [""model.layer3.0.conv3""]}, {""sparsity"": 0.11472597092519621, ""op_types"": [""Conv2d""], ""op_names"": [""model.layer3.1.conv1""]}, {""sparsity"": 0.13408971053969157, ""op_types"": [""Conv2d""], ""op_names"": [""model.layer3.1.conv3""]}, {""sparsity"": 0.13670631410879988, ""op_types"": [""Conv2d""], ""op_names"": [""model.layer3.2.conv1""]}, {""sparsity"": 0.13704695320507682, ""op_types"": [""Conv2d""], ""op_names"": [""model.layer3.2.conv3""]}, {""sparsity"": 0.13812417314294595, ""op_types"": [""Conv2d""], ""op_names"": [""model.layer3.3.conv1""]}, {""sparsity"": 0.15142895873268994, ""op_types"": [""Conv2d""], ""op_names"": [""model.layer3.3.conv3""]}, {""sparsity"": 0.15270230520344302, ""op_types"": [""Conv2d""], ""op_names"": [""model.layer3.4.conv1""]}, {""sparsity"": 0.15291097898670422, ""op_types"": [""Conv2d""], ""op_names"": [""model.layer3.4.conv3""]}, {""sparsity"": 0.15381606169006318, ""op_types"": [""Conv2d""], ""op_names"": [""model.layer3.5.conv1""]}, {""sparsity"": 0.19082443448149455, ""op_types"": [""Conv2d""], ""op_names"": [""model.layer3.5.conv3""]}, {""sparsity"": 0.20520559858808418, ""op_types"": [""Conv2d""], ""op_names"": [""model.layer3.0.downsample.0""]}, {""sparsity"": 0.2131481329436582, ""op_types"": [""Conv2d""], ""op_names"": [""model.layer4.0.conv1""]}, {""sparsity"": 0.21657774744739647, ""op_types"": [""Conv2d""], ""op_names"": [""model.layer3.0.conv2""]}, {""sparsity"": 0.22545292591774177, ""op_types"": [""Conv2d""], ""op_names"": [""model.layer3.1.conv2""]}, {""sparsity"": 0.22621962650693217, ""op_types"": [""Conv2d""], ""op_names"": [""model.layer3.2.conv2""]}, {""sparsity"": 0.2412512320999611, ""op_types"": [""Conv2d""], ""op_names"": [""model.layer3.3.conv2""]}, {""sparsity"": 0.25580527998591285, ""op_types"": [""Conv2d""], ""op_names"": [""model.layer3.4.conv2""]}, {""sparsity"": 0.2576591475118345, ""op_types"": [""Conv2d""], ""op_names"": [""model.layer3.5.conv2""]}, {""sparsity"": 0.2793042917969488, ""op_types"": [""Conv2d""], ""op_names"": [""model.layer4.0.conv3""]}, {""sparsity"": 0.28661674563592154, ""op_types"": [""Conv2d""], ""op_names"": [""model.layer4.1.conv1""]}, {""sparsity"": 0.2997639519762476, ""op_types"": [""Conv2d""], ""op_names"": [""model.layer4.1.conv3""]}, {""sparsity"": 0.30183515825165574, ""op_types"": [""Conv2d""], ""op_names"": [""model.layer4.2.conv1""]}, {""sparsity"": 0.33201365261302956, ""op_types"": [""Conv2d""], ""op_names"": [""model.layer4.2.conv3""]}, {""sparsity"": 0.35969570107244514, ""op_types"": [""Conv2d""], ""op_names"": [""model.layer4.0.downsample.0""]}, {""sparsity"": 0.36525346660520946, ""op_types"": [""Conv2d""], ""op_names"": [""model.layer4.0.conv2""]}, {""sparsity"": 0.387616755841317, ""op_types"": [""Conv2d""], ""op_names"": [""model.layer4.1.conv2""]}, {""sparsity"": 0.49928735830540427, ""op_types"": [""Conv2d""], ""op_names"": [""model.layer4.2.conv2""]}]"
0.2928932188134524,"tensor(0.8893, device='cuda:0')","[{""sparsity"": 0.0029841480950719267, ""op_types"": [""Conv2d""], ""op_names"": [""model.layer1.0.conv2""]}, {""sparsity"": 0.00647910846305839, ""op_types"": [""Conv2d""], ""op_names"": [""model.layer1.1.conv2""]}, {""sparsity"": 0.009913459030659731, ""op_types"": [""Conv2d""], ""op_names"": [""model.layer1.2.conv2""]}, {""sparsity"": 0.016190327945673197, ""op_types"": [""Conv2d""], ""op_names"": [""model.layer2.0.conv3""]}, {""sparsity"": 0.033836313144017804, ""op_types"": [""Conv2d""], ""op_names"": [""model.layer2.1.conv1""]}, {""sparsity"": 0.03395663719335029, ""op_types"": [""Conv2d""], ""op_names"": [""model.layer2.1.conv3""]}, {""sparsity"": 0.05336451792006068, ""op_types"": [""Conv2d""], ""op_names"": [""model.layer2.2.conv1""]}, {""sparsity"": 0.05370461510115249, ""op_types"": [""Conv2d""], ""op_names"": [""model.layer2.2.conv3""]}, {""sparsity"": 0.06567783704224145, ""op_types"": [""Conv2d""], ""op_names"": [""model.layer2.3.conv1""]}, {""sparsity"": 0.08840807689284312, ""op_types"": [""Conv2d""], ""op_names"": [""model.layer2.3.conv3""]}, {""sparsity"": 0.09008816372790454, ""op_types"": [""Conv2d""], ""op_names"": [""model.layer2.0.downsample.0""]}, {""sparsity"": 0.09019551610851345, ""op_types"": [""Conv2d""], ""op_names"": [""model.layer3.0.conv1""]}, {""sparsity"": 0.09356350178306168, ""op_types"": [""Conv2d""], ""op_names"": [""model.layer2.0.conv2""]}, {""sparsity"": 0.10942837394146747, ""op_types"": [""Conv2d""], ""op_names"": [""model.layer2.1.conv2""]}, {""sparsity"": 0.11330389665073602, ""op_types"": [""Conv2d""], ""op_names"": [""model.layer2.2.conv2""]}, {""sparsity"": 0.11381579362708635, ""op_types"": [""Conv2d""], ""op_names"": [""model.layer2.3.conv2""]}, {""sparsity"": 0.1189679948025668, ""op_types"": [""Conv2d""], ""op_names"": [""model.layer3.0.conv3""]}, {""sparsity"": 0.1340882127951051, ""op_types"": [""Conv2d""], ""op_names"": [""model.layer3.1.conv1""]}, {""sparsity"": 0.13798116029467275, ""op_types"": [""Conv2d""], ""op_names"": [""model.layer3.1.conv3""]}, {""sparsity"": 0.15684705863121118, ""op_types"": [""Conv2d""], ""op_names"": [""model.layer3.2.conv1""]}, {""sparsity"": 0.15779248158718992, ""op_types"": [""Conv2d""], ""op_names"": [""model.layer3.2.conv3""]}, {""sparsity"": 0.16010415368979466, ""op_types"": [""Conv2d""], ""op_names"": [""model.layer3.3.conv1""]}, {""sparsity"": 0.16269291256379312, ""op_types"": [""Conv2d""], ""op_names"": [""model.layer3.3.conv3""]}, {""sparsity"": 0.18090911618036448, ""op_types"": [""Conv2d""], ""op_names"": [""model.layer3.4.conv1""]}, {""sparsity"": 0.18096249968497358, ""op_types"": [""Conv2d""], ""op_names"": [""model.layer3.4.conv3""]}, {""sparsity"": 0.1831803512576839, ""op_types"": [""Conv2d""], ""op_names"": [""model.layer3.5.conv1""]}, {""sparsity"": 0.18653163737441053, ""op_types"": [""Conv2d""], ""op_names"": [""model.layer3.5.conv3""]}, {""sparsity"": 0.19237546286272506, ""op_types"": [""Conv2d""], ""op_names"": [""model.layer3.0.downsample.0""]}, {""sparsity"": 0.1955211999571045, ""op_types"": [""Conv2d""], ""op_names"": [""model.layer4.0.conv1""]}, {""sparsity"": 0.19934028142698604, ""op_types"": [""Conv2d""], ""op_names"": [""model.layer3.0.conv2""]}, {""sparsity"": 0.2026636065375061, ""op_types"": [""Conv2d""], ""op_names"": [""model.layer3.1.conv2""]}, {""sparsity"": 0.2067903827397737, ""op_types"": [""Conv2d""], ""op_names"": [""model.layer3.2.conv2""]}, {""sparsity"": 0.2101040119653656, ""op_types"": [""Conv2d""], ""op_names"": [""model.layer3.3.conv2""]}, {""sparsity"": 0.22930298076152436, ""op_types"": [""Conv2d""], ""op_names"": [""model.layer3.4.conv2""]}, {""sparsity"": 0.2537130377714921, ""op_types"": [""Conv2d""], ""op_names"": [""model.layer3.5.conv2""]}, {""sparsity"": 0.26099886518309495, ""op_types"": [""Conv2d""], ""op_names"": [""model.layer4.0.conv3""]}, {""sparsity"": 0.2683964777408544, ""op_types"": [""Conv2d""], ""op_names"": [""model.layer4.1.conv1""]}, {""sparsity"": 0.3014271760698625, ""op_types"": [""Conv2d""], ""op_names"": [""model.layer4.1.conv3""]}, {""sparsity"": 0.3144356551497037, ""op_types"": [""Conv2d""], ""op_names"": [""model.layer4.2.conv1""]}, {""sparsity"": 0.33719373769190775, ""op_types"": [""Conv2d""], ""op_names"": [""model.layer4.2.conv3""]}, {""sparsity"": 0.34718326149863893, ""op_types"": [""Conv2d""], ""op_names"": [""model.layer4.0.downsample.0""]}, {""sparsity"": 0.38339737505793825, ""op_types"": [""Conv2d""], ""op_names"": [""model.layer4.0.conv2""]}, {""sparsity"": 0.432564967718196, ""op_types"": [""Conv2d""], ""op_names"": [""model.layer4.1.conv2""]}, {""sparsity"": 0.4743402508427378, ""op_types"": [""Conv2d""], ""op_names"": [""model.layer4.2.conv2""]}]"
0.2928932188134524,"tensor(0.8887, device='cuda:0')","[{""sparsity"": 0.006804254409627203, ""op_types"": [""Conv2d""], ""op_names"": [""model.layer2.0.conv1""]}, {""sparsity"": 0.013585829999732102, ""op_types"": [""Conv2d""], ""op_names"": [""model.layer1.0.conv2""]}, {""sparsity"": 0.02466438326598515, ""op_types"": [""Conv2d""], ""op_names"": [""model.layer1.1.conv2""]}, {""sparsity"": 0.031243153523343448, ""op_types"": [""Conv2d""], ""op_names"": [""model.layer1.2.conv2""]}, {""sparsity"": 0.034629810632946866, ""op_types"": [""Conv2d""], ""op_names"": [""model.layer2.0.conv3""]}, {""sparsity"": 0.034957804788096146, ""op_types"": [""Conv2d""], ""op_names"": [""model.layer2.1.conv1""]}, {""sparsity"": 0.03687594535280896, ""op_types"": [""Conv2d""], ""op_names"": [""model.layer2.1.conv3""]}, {""sparsity"": 0.04621311026765804, ""op_types"": [""Conv2d""], ""op_names"": [""model.layer2.2.conv1""]}, {""sparsity"": 0.050859325199842376, ""op_types"": [""Conv2d""], ""op_names"": [""model.layer2.2.conv3""]}, {""sparsity"": 0.0555438886729149, ""op_types"": [""Conv2d""], ""op_names"": [""model.layer2.3.conv1""]}, {""sparsity"": 0.06390625736846538, ""op_types"": [""Conv2d""], ""op_names"": [""model.layer2.3.conv3""]}, {""sparsity"": 0.08505001910221699, ""op_types"": [""Conv2d""], ""op_names"": [""model.layer2.0.downsample.0""]}, {""sparsity"": 0.08530124417277256, ""op_types"": [""Conv2d""], ""op_names"": [""model.layer3.0.conv1""]}, {""sparsity"": 0.08769248184484228, ""op_types"": [""Conv2d""], ""op_names"": [""model.layer2.0.conv2""]}, {""sparsity"": 0.0894491451389255, ""op_types"": [""Conv2d""], ""op_names"": [""model.layer2.1.conv2""]}, {""sparsity"": 0.09968384814098412, ""op_types"": [""Conv2d""], ""op_names"": [""model.layer2.2.conv2""]}, {""sparsity"": 0.10678643611914931, ""op_types"": [""Conv2d""], ""op_names"": [""model.layer2.3.conv2""]}, {""sparsity"": 0.1120823930659915, ""op_types"": [""Conv2d""], ""op_names"": [""model.layer3.0.conv3""]}, {""sparsity"": 0.11470753854448561, ""op_types"": [""Conv2d""], ""op_names"": [""model.layer3.1.conv1""]}, {""sparsity"": 0.11569150503873013, ""op_types"": [""Conv2d""], ""op_names"": [""model.layer3.1.conv3""]}, {""sparsity"": 0.12142745947816126, ""op_types"": [""Conv2d""], ""op_names"": [""model.layer3.2.conv1""]}, {""sparsity"": 0.12658954317670287, ""op_types"": [""Conv2d""], ""op_names"": [""model.layer3.2.conv3""]}, {""sparsity"": 0.13938121156687377, ""op_types"": [""Conv2d""], ""op_names"": [""model.layer3.3.conv1""]}, {""sparsity"": 0.1456772202590915, ""op_types"": [""Conv2d""], ""op_names"": [""model.layer3.3.conv3""]}, {""sparsity"": 0.14625937267806324, ""op_types"": [""Conv2d""], ""op_names"": [""model.layer3.4.conv1""]}, {""sparsity"": 0.14697417934835966, ""op_types"": [""Conv2d""], ""op_names"": [""model.layer3.4.conv3""]}, {""sparsity"": 0.15399881636031743, ""op_types"": [""Conv2d""], ""op_names"": [""model.layer3.5.conv1""]}, {""sparsity"": 0.16740675595062332, ""op_types"": [""Conv2d""], ""op_names"": [""model.layer3.5.conv3""]}, {""sparsity"": 0.1723293009127169, ""op_types"": [""Conv2d""], ""op_names"": [""model.layer3.0.downsample.0""]}, {""sparsity"": 0.17433938519223469, ""op_types"": [""Conv2d""], ""op_names"": [""model.layer4.0.conv1""]}, {""sparsity"": 0.2195973622718102, ""op_types"": [""Conv2d""], ""op_names"": [""model.layer3.0.conv2""]}, {""sparsity"": 0.22126207821777955, ""op_types"": [""Conv2d""], ""op_names"": [""model.layer3.1.conv2""]}, {""sparsity"": 0.23045847451117496, ""op_types"": [""Conv2d""], ""op_names"": [""model.layer3.2.conv2""]}, {""sparsity"": 0.23326409783591795, ""op_types"": [""Conv2d""], ""op_names"": [""model.layer3.3.conv2""]}, {""sparsity"": 0.23657125091585252, ""op_types"": [""Conv2d""], ""op_names"": [""model.layer3.4.conv2""]}, {""sparsity"": 0.23837083934782072, ""op_types"": [""Conv2d""], ""op_names"": [""model.layer3.5.conv2""]}, {""sparsity"": 0.2400898534422899, ""op_types"": [""Conv2d""], ""op_names"": [""model.layer4.0.conv3""]}, {""sparsity"": 0.24739484029348305, ""op_types"": [""Conv2d""], ""op_names"": [""model.layer4.1.conv1""]}, {""sparsity"": 0.2577358801069053, ""op_types"": [""Conv2d""], ""op_names"": [""model.layer4.1.conv3""]}, {""sparsity"": 0.26713317450786844, ""op_types"": [""Conv2d""], ""op_names"": [""model.layer4.2.conv1""]}, {""sparsity"": 0.30556752769605466, ""op_types"": [""Conv2d""], ""op_names"": [""model.layer4.2.conv3""]}, {""sparsity"": 0.3787965982873043, ""op_types"": [""Conv2d""], ""op_names"": [""model.layer4.0.downsample.0""]}, {""sparsity"": 0.42864730751876173, ""op_types"": [""Conv2d""], ""op_names"": [""model.layer4.0.conv2""]}, {""sparsity"": 0.4642188966562293, ""op_types"": [""Conv2d""], ""op_names"": [""model.layer4.1.conv2""]}, {""sparsity"": 0.4653984668995502, ""op_types"": [""Conv2d""], ""op_names"": [""model.layer4.2.conv2""]}]"
0.2928932188134524,"tensor(0.8887, device='cuda:0')","[{""sparsity"": 0.011874093276605397, ""op_types"": [""Conv2d""], ""op_names"": [""model.layer1.1.conv2""]}, {""sparsity"": 0.01569609725919556, ""op_types"": [""Conv2d""], ""op_names"": [""model.layer1.2.conv2""]}, {""sparsity"": 0.019225675980767184, ""op_types"": [""Conv2d""], ""op_names"": [""model.layer2.0.conv3""]}, {""sparsity"": 0.030746435389785255, ""op_types"": [""Conv2d""], ""op_names"": [""model.layer2.1.conv1""]}, {""sparsity"": 0.03129539581352379, ""op_types"": [""Conv2d""], ""op_names"": [""model.layer2.1.conv3""]}, {""sparsity"": 0.04270720076926345, ""op_types"": [""Conv2d""], ""op_names"": [""model.layer2.2.conv1""]}, {""sparsity"": 0.06981996271757947, ""op_types"": [""Conv2d""], ""op_names"": [""model.layer2.2.conv3""]}, {""sparsity"": 0.06988583372645948, ""op_types"": [""Conv2d""], ""op_names"": [""model.layer2.3.conv1""]}, {""sparsity"": 0.06994383000356416, ""op_types"": [""Conv2d""], ""op_names"": [""model.layer2.3.conv3""]}, {""sparsity"": 0.07751512961586123, ""op_types"": [""Conv2d""], ""op_names"": [""model.layer2.0.downsample.0""]}, {""sparsity"": 0.07833812923496508, ""op_types"": [""Conv2d""], ""op_names"": [""model.layer3.0.conv1""]}, {""sparsity"": 0.07850660738738667, ""op_types"": [""Conv2d""], ""op_names"": [""model.layer2.0.conv2""]}, {""sparsity"": 0.08525950270129502, ""op_types"": [""Conv2d""], ""op_names"": [""model.layer2.1.conv2""]}, {""sparsity"": 0.08683526158695444, ""op_types"": [""Conv2d""], ""op_names"": [""model.layer2.2.conv2""]}, {""sparsity"": 0.09401646663239217, ""op_types"": [""Conv2d""], ""op_names"": [""model.layer2.3.conv2""]}, {""sparsity"": 0.09703742257108001, ""op_types"": [""Conv2d""], ""op_names"": [""model.layer3.0.conv3""]}, {""sparsity"": 0.09823438048015119, ""op_types"": [""Conv2d""], ""op_names"": [""model.layer3.1.conv1""]}, {""sparsity"": 0.10385287599356358, ""op_types"": [""Conv2d""], ""op_names"": [""model.layer3.1.conv3""]}, {""sparsity"": 0.10391923271295492, ""op_types"": [""Conv2d""], ""op_names"": [""model.layer3.2.conv1""]}, {""sparsity"": 0.10419997702674703, ""op_types"": [""Conv2d""], ""op_names"": [""model.layer3.2.conv3""]}, {""sparsity"": 0.109687611983557, ""op_types"": [""Conv2d""], ""op_names"": [""model.layer3.3.conv1""]}, {""sparsity"": 0.11163349761106772, ""op_types"": [""Conv2d""], ""op_names"": [""model.layer3.3.conv3""]}, {""sparsity"": 0.11622420257641004, ""op_types"": [""Conv2d""], ""op_names"": [""model.layer3.4.conv1""]}, {""sparsity"": 0.15798613205995518, ""op_types"": [""Conv2d""], ""op_names"": [""model.layer3.4.conv3""]}, {""sparsity"": 0.17432869517201363, ""op_types"": [""Conv2d""], ""op_names"": [""model.layer3.5.conv1""]}, {""sparsity"": 0.1949636498274091, ""op_types"": [""Conv2d""], ""op_names"": [""model.layer3.5.conv3""]}, {""sparsity"": 0.19502519257868095, ""op_types"": [""Conv2d""], ""op_names"": [""model.layer3.0.downsample.0""]}, {""sparsity"": 0.2039648554372827, ""op_types"": [""Conv2d""], ""op_names"": [""model.layer4.0.conv1""]}, {""sparsity"": 0.20592638024793844, ""op_types"": [""Conv2d""], ""op_names"": [""model.layer3.0.conv2""]}, {""sparsity"": 0.2198351726549882, ""op_types"": [""Conv2d""], ""op_names"": [""model.layer3.1.conv2""]}, {""sparsity"": 0.2216502450195382, ""op_types"": [""Conv2d""], ""op_names"": [""model.layer3.2.conv2""]}, {""sparsity"": 0.2343404579332896, ""op_types"": [""Conv2d""], ""op_names"": [""model.layer3.3.conv2""]}, {""sparsity"": 0.23959677369631927, ""op_types"": [""Conv2d""], ""op_names"": [""model.layer3.4.conv2""]}, {""sparsity"": 0.2527998784191684, ""op_types"": [""Conv2d""], ""op_names"": [""model.layer3.5.conv2""]}, {""sparsity"": 0.25735746357798184, ""op_types"": [""Conv2d""], ""op_names"": [""model.layer4.0.conv3""]}, {""sparsity"": 0.27550095582903256, ""op_types"": [""Conv2d""], ""op_names"": [""model.layer4.1.conv1""]}, {""sparsity"": 0.30127387309210824, ""op_types"": [""Conv2d""], ""op_names"": [""model.layer4.1.conv3""]}, {""sparsity"": 0.3019841761281341, ""op_types"": [""Conv2d""], ""op_names"": [""model.layer4.2.conv1""]}, {""sparsity"": 0.3122639241069552, ""op_types"": [""Conv2d""], ""op_names"": [""model.layer4.2.conv3""]}, {""sparsity"": 0.3823209401393755, ""op_types"": [""Conv2d""], ""op_names"": [""model.layer4.0.downsample.0""]}, {""sparsity"": 0.40613185207326663, ""op_types"": [""Conv2d""], ""op_names"": [""model.layer4.0.conv2""]}, {""sparsity"": 0.42916368119812376, ""op_types"": [""Conv2d""], ""op_names"": [""model.layer4.1.conv2""]}, {""sparsity"": 0.46839395895371705, ""op_types"": [""Conv2d""], ""op_names"": [""model.layer4.2.conv2""]}]"
0.2928932188134524,"tensor(0.8893, device='cuda:0')","[{""sparsity"": 0.029979187720852063, ""op_types"": [""Conv2d""], ""op_names"": [""model.layer1.1.conv2""]}, {""sparsity"": 0.036279267582126504, ""op_types"": [""Conv2d""], ""op_names"": [""model.layer1.2.conv2""]}, {""sparsity"": 0.04071686836997414, ""op_types"": [""Conv2d""], ""op_names"": [""model.layer2.0.conv3""]}, {""sparsity"": 0.0440259123847596, ""op_types"": [""Conv2d""], ""op_names"": [""model.layer2.1.conv1""]}, {""sparsity"": 0.05111152573384663, ""op_types"": [""Conv2d""], ""op_names"": [""model.layer2.1.conv3""]}, {""sparsity"": 0.05158806559276067, ""op_types"": [""Conv2d""], ""op_names"": [""model.layer2.2.conv1""]}, {""sparsity"": 0.05251148187290244, ""op_types"": [""Conv2d""], ""op_names"": [""model.layer2.2.conv3""]}, {""sparsity"": 0.05817112635529059, ""op_types"": [""Conv2d""], ""op_names"": [""model.layer2.3.conv1""]}, {""sparsity"": 0.0605496551610996, ""op_types"": [""Conv2d""], ""op_names"": [""model.layer2.3.conv3""]}, {""sparsity"": 0.06141414904762304, ""op_types"": [""Conv2d""], ""op_names"": [""model.layer2.0.downsample.0""]}, {""sparsity"": 0.06408687896390654, ""op_types"": [""Conv2d""], ""op_names"": [""model.layer3.0.conv1""]}, {""sparsity"": 0.07019108019891449, ""op_types"": [""Conv2d""], ""op_names"": [""model.layer2.0.conv2""]}, {""sparsity"": 0.07198956121802336, ""op_types"": [""Conv2d""], ""op_names"": [""model.layer2.1.conv2""]}, {""sparsity"": 0.09151129318598221, ""op_types"": [""Conv2d""], ""op_names"": [""model.layer2.2.conv2""]}, {""sparsity"": 0.09721465085911013, ""op_types"": [""Conv2d""], ""op_names"": [""model.layer2.3.conv2""]}, {""sparsity"": 0.10095673463654804, ""op_types"": [""Conv2d""], ""op_names"": [""model.layer3.0.conv3""]}, {""sparsity"": 0.11306597819343457, ""op_types"": [""Conv2d""], ""op_names"": [""model.layer3.1.conv1""]}, {""sparsity"": 0.11898376770375481, ""op_types"": [""Conv2d""], ""op_names"": [""model.layer3.1.conv3""]}, {""sparsity"": 0.11956764194399921, ""op_types"": [""Conv2d""], ""op_names"": [""model.layer3.2.conv1""]}, {""sparsity"": 0.12155231581728176, ""op_types"": [""Conv2d""], ""op_names"": [""model.layer3.2.conv3""]}, {""sparsity"": 0.1292834862340911, ""op_types"": [""Conv2d""], ""op_names"": [""model.layer3.3.conv1""]}, {""sparsity"": 0.13273965973116333, ""op_types"": [""Conv2d""], ""op_names"": [""model.layer3.3.conv3""]}, {""sparsity"": 0.13363152077904453, ""op_types"": [""Conv2d""], ""op_names"": [""model.layer3.4.conv1""]}, {""sparsity"": 0.13644454265926323, ""op_types"": [""Conv2d""], ""op_names"": [""model.layer3.4.conv3""]}, {""sparsity"": 0.13910244322080814, ""op_types"": [""Conv2d""], ""op_names"": [""model.layer3.5.conv1""]}, {""sparsity"": 0.14195801497314167, ""op_types"": [""Conv2d""], ""op_names"": [""model.layer3.5.conv3""]}, {""sparsity"": 0.16116839287267626, ""op_types"": [""Conv2d""], ""op_names"": [""model.layer3.0.downsample.0""]}, {""sparsity"": 0.19387218545903284, ""op_types"": [""Conv2d""], ""op_names"": [""model.layer4.0.conv1""]}, {""sparsity"": 0.19998757001509815, ""op_types"": [""Conv2d""], ""op_names"": [""model.layer3.0.conv2""]}, {""sparsity"": 0.2144866134897099, ""op_types"": [""Conv2d""], ""op_names"": [""model.layer3.1.conv2""]}, {""sparsity"": 0.231023646539401, ""op_types"": [""Conv2d""], ""op_names"": [""model.layer3.2.conv2""]}, {""sparsity"": 0.23484033732095783, ""op_types"": [""Conv2d""], ""op_names"": [""model.layer3.3.conv2""]}, {""sparsity"": 0.24071655780741175, ""op_types"": [""Conv2d""], ""op_names"": [""model.layer3.4.conv2""]}, {""sparsity"": 0.24164171280159658, ""op_types"": [""Conv2d""], ""op_names"": [""model.layer3.5.conv2""]}, {""sparsity"": 0.24180112458865047, ""op_types"": [""Conv2d""], ""op_names"": [""model.layer4.0.conv3""]}, {""sparsity"": 0.2594668123727834, ""op_types"": [""Conv2d""], ""op_names"": [""model.layer4.1.conv1""]}, {""sparsity"": 0.2700711841317346, ""op_types"": [""Conv2d""], ""op_names"": [""model.layer4.1.conv3""]}, {""sparsity"": 0.30359003881964286, ""op_types"": [""Conv2d""], ""op_names"": [""model.layer4.2.conv1""]}, {""sparsity"": 0.3199109132384999, ""op_types"": [""Conv2d""], ""op_names"": [""model.layer4.2.conv3""]}, {""sparsity"": 0.37534825918623776, ""op_types"": [""Conv2d""], ""op_names"": [""model.layer4.0.downsample.0""]}, {""sparsity"": 0.3849768829705332, ""op_types"": [""Conv2d""], ""op_names"": [""model.layer4.0.conv2""]}, {""sparsity"": 0.43775152023280095, ""op_types"": [""Conv2d""], ""op_names"": [""model.layer4.1.conv2""]}, {""sparsity"": 0.5231352652671846, ""op_types"": [""Conv2d""], ""op_names"": [""model.layer4.2.conv2""]}]"
0.2928932188134524,"tensor(0.8893, device='cuda:0')","[{""sparsity"": 0.00013710205865785356, ""op_types"": [""Conv2d""], ""op_names"": [""model.layer1.2.conv3""]}, {""sparsity"": 0.006952888080640351, ""op_types"": [""Conv2d""], ""op_names"": [""model.layer2.0.conv1""]}, {""sparsity"": 0.020787289921065284, ""op_types"": [""Conv2d""], ""op_names"": [""model.layer1.0.conv2""]}, {""sparsity"": 0.02079161538210004, ""op_types"": [""Conv2d""], ""op_names"": [""model.layer1.1.conv2""]}, {""sparsity"": 0.02240446486931604, ""op_types"": [""Conv2d""], ""op_names"": [""model.layer1.2.conv2""]}, {""sparsity"": 0.023940509029335394, ""op_types"": [""Conv2d""], ""op_names"": [""model.layer2.0.conv3""]}, {""sparsity"": 0.02643788993576214, ""op_types"": [""Conv2d""], ""op_names"": [""model.layer2.1.conv1""]}, {""sparsity"": 0.039880563447535974, ""op_types"": [""Conv2d""], ""op_names"": [""model.layer2.1.conv3""]}, {""sparsity"": 0.0488612069136727, ""op_types"": [""Conv2d""], ""op_names"": [""model.layer2.2.conv1""]}, {""sparsity"": 0.04908621276405672, ""op_types"": [""Conv2d""], ""op_names"": [""model.layer2.2.conv3""]}, {""sparsity"": 0.05204833280175703, ""op_types"": [""Conv2d""], ""op_names"": [""model.layer2.3.conv1""]}, {""sparsity"": 0.08337262833020068, ""op_types"": [""Conv2d""], ""op_names"": [""model.layer2.3.conv3""]}, {""sparsity"": 0.08627114580435387, ""op_types"": [""Conv2d""], ""op_names"": [""model.layer2.0.downsample.0""]}, {""sparsity"": 0.09641833623013231, ""op_types"": [""Conv2d""], ""op_names"": [""model.layer3.0.conv1""]}, {""sparsity"": 0.09847154446537272, ""op_types"": [""Conv2d""], ""op_names"": [""model.layer2.0.conv2""]}, {""sparsity"": 0.10075804957493088, ""op_types"": [""Conv2d""], ""op_names"": [""model.layer2.1.conv2""]}, {""sparsity"": 0.10083221992050298, ""op_types"": [""Conv2d""], ""op_names"": [""model.layer2.2.conv2""]}, {""sparsity"": 0.10734395251799694, ""op_types"": [""Conv2d""], ""op_names"": [""model.layer2.3.conv2""]}, {""sparsity"": 0.10947970569492708, ""op_types"": [""Conv2d""], ""op_names"": [""model.layer3.0.conv3""]}, {""sparsity"": 0.11730780953249194, ""op_types"": [""Conv2d""], ""op_names"": [""model.layer3.1.conv1""]}, {""sparsity"": 0.1202754587500796, ""op_types"": [""Conv2d""], ""op_names"": [""model.layer3.1.conv3""]}, {""sparsity"": 0.1286691981436093, ""op_types"": [""Conv2d""], ""op_names"": [""model.layer3.2.conv1""]}, {""sparsity"": 0.14100445923315552, ""op_types"": [""Conv2d""], ""op_names"": [""model.layer3.2.conv3""]}, {""sparsity"": 0.15044959027227492, ""op_types"": [""Conv2d""], ""op_names"": [""model.layer3.3.conv1""]}, {""sparsity"": 0.1571239185920339, ""op_types"": [""Conv2d""], ""op_names"": [""model.layer3.3.conv3""]}, {""sparsity"": 0.16524624684317613, ""op_types"": [""Conv2d""], ""op_names"": [""model.layer3.4.conv1""]}, {""sparsity"": 0.1687740620580181, ""op_types"": [""Conv2d""], ""op_names"": [""model.layer3.4.conv3""]}, {""sparsity"": 0.17583701598311188, ""op_types"": [""Conv2d""], ""op_names"": [""model.layer3.5.conv1""]}, {""sparsity"": 0.1764411805681429, ""op_types"": [""Conv2d""], ""op_names"": [""model.layer3.5.conv3""]}, {""sparsity"": 0.18248640197511967, ""op_types"": [""Conv2d""], ""op_names"": [""model.layer3.0.downsample.0""]}, {""sparsity"": 0.1828068494760641, ""op_types"": [""Conv2d""], ""op_names"": [""model.layer4.0.conv1""]}, {""sparsity"": 0.18892943914849955, ""op_types"": [""Conv2d""], ""op_names"": [""model.layer3.0.conv2""]}, {""sparsity"": 0.1908781678006893, ""op_types"": [""Conv2d""], ""op_names"": [""model.layer3.1.conv2""]}, {""sparsity"": 0.19616114088428682, ""op_types"": [""Conv2d""], ""op_names"": [""model.layer3.2.conv2""]}, {""sparsity"": 0.19697936243792175, ""op_types"": [""Conv2d""], ""op_names"": [""model.layer3.3.conv2""]}, {""sparsity"": 0.20633781688458877, ""op_types"": [""Conv2d""], ""op_names"": [""model.layer3.4.conv2""]}, {""sparsity"": 0.2165943464553213, ""op_types"": [""Conv2d""], ""op_names"": [""model.layer3.5.conv2""]}, {""sparsity"": 0.2610819087907989, ""op_types"": [""Conv2d""], ""op_names"": [""model.layer4.0.conv3""]}, {""sparsity"": 0.2750471660166638, ""op_types"": [""Conv2d""], ""op_names"": [""model.layer4.1.conv1""]}, {""sparsity"": 0.29089199817729383, ""op_types"": [""Conv2d""], ""op_names"": [""model.layer4.1.conv3""]}, {""sparsity"": 0.3024981172279932, ""op_types"": [""Conv2d""], ""op_names"": [""model.layer4.2.conv1""]}, {""sparsity"": 0.32815973898260054, ""op_types"": [""Conv2d""], ""op_names"": [""model.layer4.2.conv3""]}, {""sparsity"": 0.331737877974779, ""op_types"": [""Conv2d""], ""op_names"": [""model.layer4.0.downsample.0""]}, {""sparsity"": 0.3835036848657769, ""op_types"": [""Conv2d""], ""op_names"": [""model.layer4.0.conv2""]}, {""sparsity"": 0.4790431362318102, ""op_types"": [""Conv2d""], ""op_names"": [""model.layer4.1.conv2""]}, {""sparsity"": 0.5017196564470029, ""op_types"": [""Conv2d""], ""op_names"": [""model.layer4.2.conv2""]}]"
